original_sequence,original_confidence,original_prediction,true_label,adversarial_sequence,adversarial_confidence,adversarial_prediction,perturbations,biological_score,confidence_drop,attack_successful,generations_used,best_fitness
CTGGCAATGTTTTGTTCCGGGAGGCCCCGCTCGCTCGCGCCGGCGGTACAGCGGTCAGTCTTTGGCTATCGATTGAGAGAAGGATAGAGGTCACCGTAGGGGTAAAGGCAGCGCTGCCCCAGAGCACGATTCGGACTGCGGGACCCGCGCTATTTGATCCGACAGTTACCCTTATCAGCGTTGAGAAAATATGTCGGGTTGGCGCTGCGGCGGGCGACTCAAGAGGTAGACGAACGCTTCCTCTGCTCTCTCTCGTCCACTTGATGGTTATGATGCAGGGATGAGGCCCGCCACCTGTCT,0.9887531995773315,0,0,CTGGCAATCTTTTGTTCCGGGAGGCCCCGCTCGCTCGCGTCGGCGGTACAGCGGTCAGTCTTTGGCTATCGCTTGAGAGAAGGATAGAGGTCCCCGTAGGGGTAAAGGCAGCGCTGCCCCAGAGCACGATTCGGACTGCGGGACCCGCGCTATTTGCTCCGACAGTTACCCTTATCAGCGTTGAGAAAATATGTCGGGTTGGCGCTGCGGCGGGCGACTCAAGAGGTAGACGGACGCTTCCTCTGCTCTCTCTCGTCCACTTGATGGTTATGTTGCAGGGATGAGGCCCGCCACCTGTCT,0.5066288113594055,0,7,0.8111111111111112,0.482124388217926,True,53,0.5953598875469631
TCTGTCTAGACAACCACAGAAGCGTGCTCTGGTCGCTTGGTCAGGCCTTTCCCTCTCCATAGTAGGGCGTGGCTTGCCACGGCCTGCCGTCAGGCGCTTCCTGCCACCCTCCTAGGAAAACCGAATCGTGAAGCACGGAGTAAGATACTTGCCGAAATCACTCTACCTGCACGTTGTGTAGTAAGGTGCAGAGCTCGGGTGACGTAATAGCAGAGAAGGGCTAGGGGGAAGGCGAAGGTGTTCAGATAGATTTATGGCGGGCAGCTGTGCCAGGTAATCAAAGGGGATCTCGCACTGGGG,0.9389145374298096,0,0,TCTGTCCAGACAACCACAGAAGCGTGCTCTGGTCGCTTGGTCAGGCCTTTCCCTCTCCATAGCAGGGCGTGGCTTGCCACGGCCTGCCGTCAGGCGCTTCCTGCCACCCTCCTAGGAAAACCGAATTGTGAAGCACGGAGTAAGATACTTGCCGAAATCACTCTACCTGCACGTTGTGTAGTAAGGTGCAGAGCTCGGGTGACGTAATAGCAGAGAAGGGCTAGGGGGAAGGCGAAGGTGTTCAGATAGATTTATGGCGGGCAGCTGTGCCAGGTAATCAAAGGGGATCTCGCACTGGGG,0.5062342882156372,0,3,1.0,0.43268024921417236,True,29,0.7153604984283447
TCTGTGCCCGGCTGATCTAGGTCCCATAGTTTTTGATTCTTAGTCCCGTAAAGTAGTTGCTAGGTCCACATAAGTCTTTGGGTGCCAAGTCAGCTATCAAATGTGCCGTGGTGACTGACGGTTATTTTAGCCGCCGGTCGTCTCGAGGAAAATAAATAAAACACGTGAAACGTGTAACACGAATCAACACGTTGTGAGCTTCTTCGCAGGCACTCTGTACTTGTATTATCTTAGATTGCACTTATGCTCATTCCGGAGTAATGCTGCGGTGCCGGGACCCAGGCCGGGTGGCCTGCCCCG,0.9707596898078918,0,0,TCTCTGCCCGGCTGATCTAGGTCCCAGAGTTTTTGATTCTTAGTCCCGTAAAGCAGTTGCTAGGGCCACATAAGTCTTTGGGTGCCAAGTCAGCCATCAAATGTGCCGTGGTGACTGACGGTTATTTTAGCCGCCGGTCGTCTTGAGGAAAATAAATAAAACACGTGAAACGTGTAACACGAATCAACACGTTGTGAGCTTCTTCGCAGGCACTCTGTACTTGTATTATCTTAGATTGCACTTATGCTCATTCCGGAGTAATGCTGCGGTGCCGGGACCCAGGCCGGGTGGCCTGCCCCG,0.5007901787757874,1,6,0.8747863247863248,0.4699695110321045,True,42,0.6274176545428414
CTGAGAGTCTCAACGAGGCCGAGAATAGCATATGCCAGTTGGAGTGACACTTATTTCTCCCTCTCCCCTTTATAGAATGTGTAGTGGCCCTCACTACTGCCCCCTTTAGCTGTGCCTCAGAACCCACAGTTACATGCTCCACAATATGGAGGCGAATAAGCCTAAGTGGACTACAATTCCCATCATGCCTCACTGCAGGCGCCGCCGACGTGTCTTAGCGGTTAGTCATCCCTCTTACCGCTTTCCTCCACTTCCTGGACTGCGCGACCGGAGGCCTAGCGGGCGCGCGCCCGCACCATC,0.9914630055427551,0,1,CTGGGAGTCTCAACGAGGCCGAGAATAGCATATGCCAGTTGGAGTGACACTTATTTCTCCCTCTCCCCTTTATAGAATGTGTAGTGGCCCTCACTACTGCCCCCTTTAGCTGTGCCTCAGAACCCACAGTTACATGCTCCACAATATGGAGGCGAATAAGCCTAAGTGGACTACAATTCCCATCATGCCTCACTGCAGGCGCCGCCGACGTGTCTTAGCGGTTAGTCATCCCTCTTACCGCTTTCCTCCACTTCCTGGACTGCGCGACCGGAGGCCTAGCGGGCGCGCGCCCGCACCATC,0.5328633785247803,1,1,1.0,0.45859962701797485,True,21,0.8671992540359497
GCCTAGAAATTCGAACCTAGGGGCTGAACCCCGCCCTCAGACCAACCAGGAAGAGGTGACGTGATTGGTCCCGCCCCCGTACTTCTTTGAGCGAGTCCCCAGCTGGGGGGGCGGGGGAAAAAATGAAGAGGAAGACTAATGGGAAGACGGCGCGGGGAGCTTCTGCCCGGTGATTGGTCAAATGAGGTAAACAGAGGGCGGGGCAGGGCGGGCCAGCGCCGGGGTGGCCCCCGGGAGGGGGCGGAGAGTGCGCGGCTGGCTGCGGCGGCCGGGGAGGCCGGGGAGGCCGCGGCGCGGTCA,0.933652400970459,1,1,GCCTAGAAATTCGAACCTAGGGGCTGAACCCCGCCCTCAGACCGACCAGGAAGAGGTGACGTGATTAGTCCCGCCCCCGTACTTCTTTGAGCGAGTCCCCAGCTGGGGGGGCGGGGGAAAAAATGAAGAGGAAGACTAATGAGAAGACGGCGCGGGGAGCTTCTGCCCGGTTATTGGTCAAATGATGTAAACAGAGGGCGGGGCAGGGCGGGCCAGCGCCGGGGTGGCCCCCGGGAGGGGGCGGAGAGTACGCGGCTGGCTGCGGCGGCCGGGGAGGCCGGGGAGGCCGCGGCGCGGTCA,0.5123288631439209,1,6,0.9134502923976608,0.4213235378265381,True,33,0.5580857252377516
ATTCCACCTGGCCTACGTCCACATGAGGGGGATCTTCATCACCATTCGTGAAGATCTGGAGAGACATAACCACGACCGGAGGGCAACAGGGATCAGAGAGCAACGCATGACTATCTGCGTCTACGAGTTCGAAGGACGACTACAGGGCATCGTCTTCTTGCCTCTAGCGAACCGCTTGTCGCAAAAAAGAGTCATGGTCCTTATCACTGCAAAGAAAGTCTGCCAGGCGCGCGGGGGGCGCGGAACAGTCACGGGCCGGCTCAGCCTCCGTGGGGTAGGAGCAGAAGCCTGCCGGGAGAG,0.6911727786064148,0,0,ATTCCACCTGGCCTACGTCCACATGAGGGGGATCTTCATCACCATTCGTGAAGATCTGGAGAGACATAACCACGACCGGAGGGCAACAGGGATCAGAGAGCAACGCATGACTATCTGCGTCTACGAGTTCGAAGGACGACTACAGGGCATCATCTTCTTGCCTCTAGCGAACCGCTTGTCGCAAAAAAGAGTCATGGTCCTTATCACTGCAAAGAAAGTCTGCCAGGCGCGCGGGGGGCGCGGAACAGTCACGGGCCGGCTCAGCCTCCGTGGGGTAGGAGCAGAAGCCTGCCGGGAGAG,0.5095154643058777,1,1,1.0,0.1816573143005371,True,22,0.31331462860107423
GGGCCGTGCGGGAATGGGCGTGGCCTGGGCGGGGCGGGCGCTAGGACCCACCGGAGCGCCGTGAACGTCACCGAGCGGCGCCGAGGCCCCGGGTTGAGCGGGAGGCGCGATCGGTCCGGTCGGTGGCTCCCCGCGGCGGGGCCGGGCCCGATCTCGGGCGGGAACCGAGCGCAGAGCCGGTACTGGGGGAGGGGAGAGGGGGCGGGATTCCCGCCGGGAGGGATCCGGCGTAGCAGGGGGCGGAGTCTTATTCCAACCCCGCTTCGCTTTCCGCATGTCCCGCTTTGCGCTCCCGGCCCT,0.9131733775138855,1,1,GGGCCGTGCGGGAATGGGCGTGACCTGGGCGGGGCGGGCGCTAGGACCCACCGGAGCGCCGTGAACATCACCGAGCGGCGCCGAGGCCCCGGGTTGAGCGGGAGGCGCGATCGGTCCGGTCGGTGGCTTCCCGCGGCGGGGCCGGGCCCGATCTCGGACGGGAACCGAGCGCAGAGCCGGTACTGGGGGAGGGGAGAGGGGGCGGGATTCCCGCCGGGAGGGATCCGGCGTAGCAGGGGGCGGAGTCTTATTCCAACCCCGCTTCGCTTTCCGCATGTCCCGCTTTGCGCTCCCGGCCCT,0.5022308230400085,1,4,0.9851851851851853,0.41094255447387695,True,32,0.6204036274662725
CTAATCGTGGCTGGCTCCCGGAGCTTCACTCTTCCCTCTCTTCCTGCGAAACTTGACACGCCATTTGTTTCTACGTCTGACATCCTCCTCTTTTCTCTGGTCCGTGGGAGCTTTTGCAAGCGGGACCAGGCCCCAACACCCGAACCAGCAGCGAGAGAAGGAGCCCGGCATGCGGCGACTCAGAGTGACGACACACGCGAGTCTCCGCCCGAGTACGTCACTTCCGCAACGCTTCCTTCGCGGGGCTTTGTGGGTAGCCGACTGGGGTCTCCTGGCGACGACCATGGCGGGGGATGTGGG,0.7254116535186768,0,1,CTAATCGAGGCTGGCTCCCGGAGCTTCACTCTTCCCTCTCTTCCTGCGAAACTTGACACGCCATTTGTTTCTACGTCTGACATCCTCCTCTTTTCTCTGGTCCGTGGGAGCTTTTGCAAGCGGGACCAGGCCCCAACACCCGAACCAGCAGCGAGAGAAGGAGCCCGGCATGCGGCGACTCAGAGTGACGACACACGCGAGTCTCCGCCCGAGTACGTCACTTCCGCAACGCCTCCTTCGCGGGGCTTTGTGGGTAGCCGACTGGGGTCTCCTGGCGACGACCATGGCGGGGGATGTGGG,0.5043808221817017,1,2,0.8833333333333333,0.2210308313369751,True,22,0.3461982250213623
GGCTCCGACGGCTGAGGCTCTAGAAGAAGGCTTGCGCGCTCTGCGTTGAGTGTCAGGGTATGCCCTTCGCCCCGCCAGCATGATGGAATACCGTCGCGTCACACGGTCGCATCGGCCCGAGGCTAGCGGGGCTCGTTAGCAATCGTGCGGCTTAAGTTCATACGTCGCCGGGCAGCGCCAGTGCCTAGGGGTCAAGATAATTATGCCATAGTCAGCGCGGCGCGGACTCTATTGACCAGGAGCCCCGCATAGTCGTGTCGAAATGCGTCAGGACGAATCAAAGGTAAGCCGTGGCAGCTG,0.8997815847396851,0,0,GGCTCCGACGGCTGAGGCTCTAGAAGAAGGCTTGCGCGCTCTGCGTTGAGTGTCAGGGTATGCCCTTCGCCCCGCCAGCTTGATGGAATACCGTCGCGTCACACGGTCGCATCGGCCCGAGGCTAGCGGGGCTCGTTAGCAATCGTGCGGCTTAAGTTCATACGTCGCCGGGCAGCGCCAGTGCCTAGGGGTCAAGATAATTATGCCATAGTCAGCGCGGCGCGGACTCTATTGACCAGGAGCCTCGCATAGTCGTGTCGAAATGCGTCAGGACGAATCATAGGTAAGCCGTGGCAGCTG,0.5011323690414429,0,3,0.8444444444444444,0.3986492156982422,True,26,0.6317428758409288
CTCCTGATGTCCCCCAGCTGCCTCCTCTGGCCCCCAGCTTCCTAAGGGTGGCCCCAGGTTGCTTCTCTCTCACACACACGGGCGCATGTATGTACACGAGCACTGGACCATGAAGTCTCAGCGTGTGCTCACAGCCTCTCACACAGGAGTGGGCTGTGACTCACAGGCATGTCATGAGAATGAGGCCTGGCACCAGTCTCCAGGCCCCAGAGCAGGGGTTGCCTCCCCTCACCCCGGTCCAGGATGCCCAGTCCCCACGACACCTCCCACTTCCCACTGTGGCCTGGGTGGGCTCAGGGG,0.9527867436408997,1,1,CCCTGGATGTCCCCCAGGTACCTCCTCTGGCCCCCAGCTTCCTAAGGGTGGCCCCAGGTTGCTTCTCTCTCACACACACGGGCGCATGTATGAACACGAGTACTGGACCATGAAGTCTCAGCGTGTGCTCACAGCCTCTCACACAGGAGTGGGCTGTGTCTCACAGGCATGTCATGAGAATGAGGCCTGGCACCAGTCTCCAGGCCCCAGAGCAGGGGTTGCCTCCCCTCACCCCGGTCCAGGATGCCCAGTCCCCACGACACCTCCCACTTCCCACTGTGGCCTGGGTGGGCTCAGGGG,0.5000624060630798,1,8,0.85,0.4527243375778198,True,48,0.4904486751556396
GATCCCGTGTTTGCTGTGAGTCACTAAGGGCTGTAAACACTCCAGAGAGACAGGCATGGTTATAAGGGGTGTGCGGGCGTGGAGTTATTTTAATGGATTTACTCTCCGTGAGTGCGTCTTATGTTGCGGGTGCCAGATGAGTGCCTTTCAAGGGAGAGGGAAGGTCAGGCTTGCCTCCTGTTCACAAGGACAACCTCTGTCTCCCTTGTGGCGGCTTCTATGAAGGTGGGGACTCCAGGCTTTCTCTCGTCTGCTTTTTGGATGCCTTCAAGAGAGGCCAGTTAGAGGATATCAATTGTG,0.5620137453079224,0,0,GATCCCGTGTTTGCTGTGAGTCACTAAGGGCTGTAAACACTCCAGAGAGACAGGCATGGTTATAAGGGGTGTGCGGGCGTGGAGTTATTTTAATGGATTTACTCTCCGTGAGTGCGTCTTATGTTGCGGGTGCCAGATGAGTGCCTTTCAAAGGAGAGGGAAGGTCAGGCTTGCCTCCTGTTCACAAGGACAACCTCTGTCTCCCTTGTGGCGGCTTCTATGAAGGTGGGGACTCCAGGCTTTCTCTCGTCTGCTTTTTGGATGCCTTCAAGAGAGGCCAGTTAGAGGATATCAATTGTG,0.5160124897956848,0,1,1.0,0.04600125551223755,False,24,0.042002511024475095
GAATGGTTGGATGTGCACGCGAACTGTCTAGCTGCTCAGTCCGGAGATCCAAGACTCTCGCTCATTCGCGCGCATCACAGACTATACGTAAAAGGACACGCAACCTCCTACTCACAGGACCGGGCCCTATTTCCTAGTTGTGCTGTCAGGTTCCCCGAAGACTATACTTGGAAGTCTGTTTCCGGCTGTGGAACACAACTTCGTACTTACAAAGGACCACATTTGTCGAAACCAGCGTGAGTCTGATGCTATATGGAAATAAGCGCGCAACACGGACAACATGGCGGGTCTGCTGGCTTG,0.9377422332763672,0,0,GAAAGGAGAGATGTGCACGCGAACTGTCTAGCTGCTCAGTCCGGAGATCCAAGACTCTCGCTCATTCGCGCGCATCACAGACTAAACGTAAAAGGACACGCAACTTCCTACTCACAGGACCGGGCCCTGTTTCCTAGTTGTGCTGTCAGGTTCCCCGAAGACTATACTTGGAAGTCTGTTTCCGGCTGTGGAACACAACTTCGTAATTACAAAGGACCACATTTGTCGAAACCAGCGTGAGTCTGATGCTATATGGAAATAAGCGCGCAACACGGACAACATGGCGGGTCTGCTGGCTTG,0.6368391513824463,0,8,0.8278508771929824,0.3009030818939209,True,56,0.24882106960400735
ATGAGCCGAGATCATGCCATTGCACTCCAACCTGGGCAACAAGAGCAAAACTCTGTCTAAAAAAAAACATATATCAACTTTGAAAAAATACATATATTTTAATAAGAGTTAGGCTTTTAGGAAATTTGTGAAAAATTATTTGGAAAGAGTAATATTCCAATACTGAGTTGTAAGCAATTTATAAAACATTGATCAGAGACTCCAGTGTTATTTTGCACTATGAAAACACAAGGTCAGAAATATAGTAGGAATTCAGTAATGCTTTGTGGAACTGAAAACATGCTTACTGATACATGACTT,0.8329127430915833,1,0,ATGAGCCGAGATCATGTCGTCGCACTCCGACCTCGGCAACAAGAGCAAAACTCTGTCTAAAAAAAAACATATATCAACTTTGAAAAAATACATATATTTTAATAAGAGTTAGGCTTTTAGGAAATTCGTGAAAAATTATTTGGAAAGAGTAATATTCCAATACTGAGTTGTAAGCAATTTATAAAACATTGATCAGAGACTCCAGTGTTATTTTGCACTATGAAAACACAAGGTCGGAAATATAGTAGGAATTCAGTAATGCTTTGTGGAACTGAAAACATGCTTACTGATACATGACTT,0.5000693798065186,1,7,0.9551724137931035,0.3328433632850647,True,40,0.3112039679494397
GATGCAATGGGACATTAAATACCTGTCTTCATTATGTTTCTATTCACACCAGGGGACACAGTTTTGACATACCTCACGCGGATGTTGTTAACTGTTTTCATATTGGCTGCTGGCCATGTACGGCTTCGGCTGATACCAACAACCGCCCGGGAGCACACGATGGCCATCCTCCAAGCTTCTCCTTTGCTATACTATGCCTCCACCCGCCCTCGCACTGCCCGATTACAGACAGCAGTCATGGTGCCGGGGGAAACCGGTCAAGCTCGTTTCCATACCGCGATATACAGGTAGGCACCTGAA,0.9759306311607361,0,0,AATGCAATGGGACATTAAATACCTGTCTTCATTATGTTTCTATTCACACCAGGGGACACAGTTTTGACATACCTCACGCAGATGTTGTTAACTGTTTTCATATTGGCTGCTGGCCATGTACAGCTTCGGCTGATACCAACAACCGCCCGGGAGCACACGATGGCCATCCTCCAAGCTTCTCCTTTGCTTTACTATGCCTCCACCCGCCCTCGCACTGCCCGGTTACAGACAGCAGTCATGGTGCCGGGGGAAACCGGTCAAGCACGTTTCCATACCGCGATATACAGGCAGGCACCTGAA,0.520135223865509,1,7,0.9125,0.45579540729522705,True,50,0.552840814590454
CCCACGCCCTGCTAATCAACCTCGGCGAGCAAGATCAGTCTCTTTATGGAAGCGCTTCGAGAGTGAGGGCCTAGGGCACAAATTGGCGGTCATCCACTGGGCTCAAGGTATCCTGAAGCATATCCCGGGGCTTTTTGCGATCGGATCGGATTTCTCTCTACAGATATAGGGCCCAGCCTGATGTAAGTAGGTGGGTTTGTCCTCATTTCAACAGTTTGATGATATCCCACATTATTCTGCTCGCTATATATTATCGTCTAGCTGCAGCGCATTCTGGCCTATGTCTTGACTCCGTATTCC,0.9858356714248657,0,0,TCCACGCGCTGCTAATCAACCTCGGCGAGCAAGATCAGTCTCTTTCTGGAAGCGCTCCGAGAGTGAGGGCCTGGGGCACAAATTGGCGGTCATCCACTGGGCTCAAGGTATCCTGAAGCATATCCTGGGGCTTTTTGCGATCGGATCGGCTTTCTCTCTACAGATAAAGGGCCCAGCCTGATGTAAGTAGGTGGGTTTGTCCTCATCTCAACAGTTTGATGATATCCCACATTATTCTGCTCGCTAAATATTATCGTCGAGCTGCAGCGCATTCTGGCCTATGTCTTGACTCCGTATTCC,0.5084443092346191,0,11,0.8342657342657342,0.4773913621902466,True,85,0.38820929780706653
GGGGCTCTCACACCTGCTCCGGCTGCTTGGCAGCGGGGCTTTGGGCACAAGGCAGCCTAGGTGCAGGCCCAATGGGAGGGGACGGCAAGGCCGGGGCACAGTGGGGCTGGAAGGGGCGCCCTGCCCCCCCAGGAGCCCCTCGCGGGCAGTGCCAGCCCTGGGCCGCCCCGCCCCACCGGGAGCCGCGCTGGGGGCGGGGCTGGGCGGAGCCCGCGCAGGGTGCTGGCCGCAGCGCCCCCAAGTCCCGGCGCCGGGCCCGCTCACGGCCGCGTGGGAGCAGTGGGGTTCGACGGCGCGGCC,0.8401312232017517,1,1,GGGGCTCTCACACCTGCTCCGGCTGCTTGGCAGCGGGGCTTTGGGCACAAGGCAGCCTAGGTGCAGGCCCAATGGGAGGGGACGGCAAGGCCGGGGCACAGTGGGGCTGTAAGGGGCGCCCTGCCCCCCCAGGAGCCCCTCGCGGGCAGTGCCAGCCCTAGGCCGCCCCGCCCCACCGGGAGCCGCGCTGGGGGCGGGGCTGGGCGGAGCCCGCGCAGGGTGCTGGCCGCAGCGCCCCCAAGTCCCGGCGCCGGGCCCGCTCACGGCCGCGTGGGAGCAGTGGGGTTCGACGGCGCGGCC,0.5068402886390686,1,2,0.8833333333333333,0.3332909345626831,True,26,0.5549152024586995
GTCTACCTCGACTAGTTGCCAATTGGCTGCCCGGTGGCTCCGTACCGGTGCGTCCTGATGAGATGATGTCTTGAGGACGTTAACTACTCATTGAAAATACTTCCAAAAATGGTTTCACAGAACTGAGATACTGGTATCAGGAAGTTCGGATCTTTATTTTCCGCCTCTGTGAGCCAATAATAGAAAGGCTTTTATCTGATCGTGCAGGAGGAGTGAGGTTCCGAAGGGAGTGAGACTGCTCAGAGAGGCAGGATTACGCCCAAGCCGGCAGGGACACCTGGCACCTCAGCTTCCTTTCCC,0.8483806252479553,0,0,GTCTACCTCGACTAGTTGCCACTTGGCTGCCCGGTGGCTCCGCACCGGTGCGTCCTGATGAGATGATGTCTTGAGGACGTTAACTACTCATTAAAAATACTTCCAAAAATGGTTTCACAGAACTGAGACACTGGTATCAGGAAGTTCGGATCTTTATTTTCCGCCTCTGTGAGCCAATAATAGAAAGGCTTTTATCTGATCGTGCAGGAGGAGTGAGGTTCCGAAGGGAGTGAGACTGCTCAGAGAGGCAGGATTACGCCCAAGCCGGCAGGGACACCTGGCACCTCAGCTTCCTTTCCC,0.5041283369064331,1,4,0.9153508771929824,0.3442522883415222,True,35,0.48003966440234264
ACTCGTTAATAAATTGGCCTACGGGTAGAGACCTTTTTTTACCAGCACTTTTCAAGACCGGGGCGATTAGTCGCAATCTTGAATTCATGTACCCTGCCAACTACAGCTCCAGCACACCCTTGCTTATACGAATTGCGTCCGTCAATGTAGGATGAGTGCGATGAGGAGTATCTTGCATTGGGTAGGTGTTGTATGCCACTAGTGGGAAGGCTGAAAAGCTGTTGGTATACAGAGTAGGACCATGAGTGATGCTCCCGTAGTCGCAGAGTCAGGGAGGGGACCTCACCACCTGTCTCCTCC,0.9978596568107605,0,0,ACTCGTTAATAAATTGGCCTACGGGTAGAGACCTTTTTTTACCAGCACTTTTCAAGACCGGGGTGATTAGTCGCAATCTTGAATTCATGTACCCTGCCAACTACAGCTCCAGCACACCCTTGCTTATACGAATTGCGTCCGTCAATGTAGGATGAGTGCGATGAGGAGTATCTTGCATTGGGTAGGTGTTGTATGCCACTAGTGGGAAGGCTGAAAAGCTGTTGGTATACAGAGTAGGACCATGAGTGATGCTCCCGTAGTCGCAGAGTCAGGGAGGGGACCTCACCACCTGTCTCCTCC,0.9962665438652039,0,1,0.9916666666666667,0.0015931129455566406,False,21,-0.047493386268615725
GCTCGGGGCTCTGTTCCCAGGTGAGTCGGGGTGGGGATTGCCGTCGGGCCAGTTCTCCGAAGCCCCGGGAGGACCGGCTCCCGGGTCAGGTCATGCATGCTTAGGTAGCTGTTTATGGGAAGGAGGGGCTAGAGACAGCGATTGAAAGGCAACAGCCAGTAGGTTCGAATCCAGACCCTGCATACCTCCACGTGTGGCCTTGGGCTATAGATTGCAGCTTTAAAAAAGGGTAGGGGGTTGGAGATGGAGGGGAGGGGCGGGCCTCGTTTTGTTGCCCAGGCCGGTCTTGAACTCCGGGGG,0.5087001919746399,0,0,GCTCGGGGCTCTGTTCCCAGGTGAGTCGGGGTGGGGATTGCCGTCGGGCCAGTTCTCCGAAGCCCCGGGAGGACCGGCTCCCGGGTCAGGTCATGCATGCTTAGGTAGCTGTTTATGGGAAGGAGGGGCTAGAGACAGCGGTTGAAAGGCAACAGCCAGTAGGTTCGAATCCAGACCCTGCATACCTCCACGTGTGGCCTTGGGCTATAGATTGCAGCTTTAAAAAAGGGTAGGGGGTTGGAGATGGAGGGGAGGGGCGGGCCTCGTTTTGTTGCCCAGGCCGGTCTTGAACTCCGGGGG,0.5004989504814148,1,1,0.9904761904761905,0.008201241493225098,False,21,-0.034549897965930755
GAGTTACCTGAGTGCTTCGCACCTCCCCCTCTTCCCCTTCTTCATCTCCCTCCAGGTACCCGCATATGCCCTGCACACAGTGGGCACTTTGCCTGTTCTGTTCCCCCGCCCCCATCACATTTTTGTTTCGTTCCAACCCCTCTCCAACGCCAGCTCCCCACCCCCCCAGGAAGTCCTGGCCGCCCCCGCACCGCAGCTCCCGTCGCCACCTCGCGTCCCGCTATCCCCGCGCACGCCGCCTCCGGCCCTGAGTCCCGGCCGCACCCGGCGCCGCTCACCTGCTTCTGGATGTCCCGCACG,0.9290659427642822,1,1,GAATTACCTGAGTGCTTCGCACCTCCCCCTCTTCGCCTTCTTCATCTCCCTCCAGGTACCCGCATATGCCCTGCACACAGTGGGCACTTTGCCTGTTCTGTTCCCCCGCCCCCATCACATTTTTGTTTCGTTCCAACCCCTCTCCAACGACAGCTCCCCACCCCCCCAGGAAGTCCTGGCCGCCCCCGCACCGCAGCTCCCGTCGCCACCTCGCGTCCCGCTATCCCCGCGCACGCCGCCTACGGCCCTGAGTCCCGGCCGCACCCGGCGCCGTTCACCTGCTTCTGGATGTCCCGCACG,0.5042591094970703,1,5,0.8512280701754387,0.4248068332672119,True,29,0.5847364735519677
